{
    "category": "General",
    "changelog": "- Fix Bigscreen compatibility issues (#83) @Nullcaller\n- Add additional profile logging (#93) @disgustipated\n- Fix TTL not following SsdpConstants (#88) @Nullcaller",
    "description": "Adds DLNA capability to Jellyfin\n",
    "guid": "33eba9cd-7da1-4720-967f-dd7dae7b74a1",
    "imageUrl": "",
    "name": "DLNA",
    "overview": "DLNA Service",
    "owner": "jellyfin",
    "targetAbi": "10.10.0.0",
    "timestamp": "2024-11-03T15:14:46Z",
    "version": "5.0.0.0"
}