{
    "category": "General",
    "changelog": "- fix: add the icons to the compiled resources (#109) (#114) @FelixPetriconi\n- fix: adjusted typo in configuration page title (#112) @shindai\n- Only split user agent if it can be split (#95) @Shadowghost",
    "description": "Adds DLNA capability to Jellyfin\n",
    "guid": "33eba9cd-7da1-4720-967f-dd7dae7b74a1",
    "imageUrl": "",
    "name": "DLNA",
    "overview": "DLNA Service",
    "owner": "jellyfin",
    "targetAbi": "10.10.3.0",
    "timestamp": "2024-12-19T22:17:07Z",
    "version": "6.0.0.0"
}